Type,Start,End,Duration,Distance,"Average Heart Rate","Max Heart Rate","Average Pace","Average Speed","Average Cadence","Active Energy","Total Energy","Elevation Ascended","Elevation Descended",Weather Temperature,Weather Humidity
"Outdoor Running","2022-01-10 13:11","2022-01-10 14:24","1:12:18","13,460010942174122","163,36960113287702","175","0:05:22","11,167621804814958",,"974,2399999999989","1108,2950000000017","266,78000000000003",,"3,9999998940362502","82"
"Outdoor Running","2022-01-08 10:45","2022-01-08 11:45","1:00:22","10,652094098217786","150,5672613990371","190","0:05:40","10,587382922607722",,"693,4950000000009","807,5860000000031","75,17",,"0,999999973509091","96"
"Outdoor Running","2022-01-04 13:50","2022-01-04 14:38","0:48:42","9,120131564199925","145,80182392143107","160","0:05:20","11,235771683264772",,"584,859999999999","681,3770000000004","26,21",,"5,9999998410543185","93"
"Outdoor Running","2021-12-31 12:32","2021-12-31 13:20","0:48:31","9,545053896639496","155,55649419218585","166","0:05:04","11,803589369666515",,"615,610999999998","710,5559999999994","30,2",,"11,99999968210858","87"
"Outdoor Running","2021-12-30 15:49","2021-12-30 16:57","1:08:28","13,628711377449333","170,8885564697083","183","0:05:01","11,941623771955175",,"988,1589999999992","1116,3950000000018","260,42",,"15,999999576144774","81"
"Outdoor Running","2021-12-29 14:11","2021-12-29 15:05","0:54:55","10,635038423111663","160,66915422885572","171","0:05:09","11,61833598611802",,"703,0850000000012","809,0530000000031","72,22",,"7,999999788072387","89"
"Outdoor Running","2021-12-28 13:55","2021-12-28 14:51","0:56:12","10,880440997106955","159,58927483241925","187","0:05:10","11,612765202988212",,"714,9310000000011","822,543000000003","77,34",,"7,999999788072387","97"
"Outdoor Running","2021-12-22 13:57","2021-12-22 14:50","0:53:04","10,39903746727854","153,89271907216494","166","0:05:06","11,756882933632948",,"670,7739999999998","774,9860000000015","42,230000000000004",,"0,00000000000005684341886080802","78"
"Outdoor Running","2021-12-16 14:33","2021-12-16 15:19","0:45:22","9,05081451672502","152,99623777276148","161","0:05:00","11,967141315317118",,"576,5339999999975","669,4759999999987","21,51",,"7,999999788072387","88"
"Outdoor Running","2021-12-14 12:07","2021-12-14 13:12","1:04:51","12,689702469587326","165,25019731649567","175","0:05:06","11,740364041921696",,"865,0220000000003","986,5120000000027","116,98",,,
"Outdoor Running","2021-12-10 11:05","2021-12-10 12:16","1:11:03","13,78324397389032","159,15637761229883","173","0:05:09","11,638824571095503",,"994,3689999999984","1126,2400000000011","275,96",,,
"Skating Sports","2021-12-07 14:26","2021-12-07 15:58","1:31:13",,"122,78785046728972","158",,,,"706,6929999999985","867,1390000000031",,,,
"Outdoor Running","2021-12-05 15:41","2021-12-05 16:36","0:54:16","10,628146537521854","152,44133375275243","163","0:05:06","11,749021489677316",,"695,0139999999994","801,1110000000012","71,84",,,
"Skating Sports","2021-12-02 15:26","2021-12-02 16:19","0:53:00",,"105,96422764227643","139",,,,"288,9040000000025","392,1220000000042",,,,
"Outdoor Running","2021-11-30 15:01","2021-11-30 16:11","1:09:59","13,540662345284597","163,92707317073172","173","0:05:10","11,608115791310203",,"984,809999999999","1114,4280000000017","278,32",,,
"Outdoor Running","2021-11-27 12:23","2021-11-27 13:40","1:12:58","13,488449614934257","154,85419244361722","171","0:05:24","11,090999480431181",,"985,3530000000042","1124,115000000007","275,81",,,
"Outdoor Running","2021-11-20 15:37","2021-11-20 16:52","1:14:11","13,310083443109038","160,1912103083295","173","0:05:34","10,764241401507602",,"960,7329999999995","1096,6750000000025","271,6",,,
"Outdoor Running","2021-11-16 16:00","2021-11-16 16:37","0:37:39","5,456175749996677","131,95311788802914","166","0:06:54","8,692748171071141",,"376,35200000000003","453,6020000000008","21,73",,,
"Hiking","2021-11-14 11:28","2021-11-14 13:09","1:41:20","3,974519399661571","75,7751677852349","112","0:25:29","2,3530000173843555",,"278,9219999999985","458,7100000000031","129,06",,,
"Outdoor Running","2021-11-13 13:08","2021-11-13 13:32","0:24:31","2,4383155459102355","109,96033402922755","140","0:10:03","5,96348854440794",,"175,67099999999994","236,008","2,7800000000000002",,,
"Outdoor Running","2021-11-12 15:37","2021-11-12 16:53","1:10:40","11,663322973271832","130,0283464566929","156","0:06:03","9,902612431248826",,"762,8459999999997","902,2680000000025","40,14",,,
"Outdoor Running","2021-11-09 13:25","2021-11-09 14:37","1:11:22","13,294710897006095","159,43945545736804","175","0:05:22","11,175425432336759",,"970,084000000001","1100,0690000000038","274,02",,,
"Outdoor Running","2021-11-05 14:56","2021-11-05 15:50","0:53:59","10,594189025027678","161,41827379070503","169","0:05:05","11,771617634664578",,"693,9499999999999","798,9870000000017","68,68",,,
"Outdoor Running","2021-11-01 11:48","2021-11-01 13:38","1:50:08","17,02439896657797","148,83598947857033","170","0:06:28","9,273753150842982",,"1267,5849999999991","1460,4360000000042","361,53000000000003",,"11,99999968210858","81"
"Outdoor Running","2021-10-26 12:04","2021-10-26 13:19","1:15:07","13,383278926626437","157,99931911030413","173","0:05:36","10,689080706686983",,"974,386","1109,183000000003","265,25",,"11,99999968210858","84"
"Outdoor Running","2021-10-22 09:58","2021-10-22 10:42","0:44:21","9,03686953481473","158,18206312548114","168","0:04:54","12,22439043405511",,"574,6650000000002","664,0460000000014","27,12",,"4,999999867545284","90"
"Outdoor Running","2021-10-18 12:31","2021-10-18 13:25","0:54:00","10,269149207700975","157,9582806573957","170","0:05:15","11,409964499089176",,"715,0829999999986","820,3530000000004","140,23",,"10,999999708599546","84"
"Outdoor Running","2021-10-14 09:56","2021-10-14 10:41","0:45:10","8,98386294530458","157,7041934265206","166","0:05:01","11,933537385771773",,"579,5299999999983","670,5879999999995","16,69",,"7,999999788072387","93"
"Outdoor Running","2021-10-12 12:10","2021-10-12 13:15","1:02:17","12,030714083393104","161,94438614900315","174","0:05:10","11,588104382876288",,"825,9529999999997","945,771000000002","112,09",,"10,999999708599546","93"
"Outdoor Cycling","2021-10-08 16:32","2021-10-08 18:10","0:31:50","14,016610932784516","106,3245382585752","168","0:02:16","26,408779267673356",,"357,8280000000005","520,0630000000016","10,64",,"15,999999576144774","68"
"Outdoor Running","2021-10-07 10:18","2021-10-07 11:35","1:16:43","13,360424179480411","163,02089353189598","175","0:05:44","10,449157215378756",,"972,7090000000024","1112,9400000000055","264,14",,"10,999999708599546","94"
"Outdoor Running","2021-10-03 11:08","2021-10-03 11:56","0:47:34","9,054094935220666","159,9827709978464","173","0:05:15","11,418329332892066",,"585,7490000000004","678,2190000000018","22,93",,"17,9999995231629","62"
"Skating Sports","2021-09-23 14:51","2021-09-23 17:07","1:21:49",,"116,73522165055796","141,2345483359746",,,,"590,5390000000001","803,205999999998",,,"19,999999470180967","57"
"Outdoor Walking","2021-09-18 11:14","2021-09-18 12:42","1:15:29","5,704825269744732","88,57292893812178","98,15644654088054","0:13:13","4,534142356607407",,"344,391","500,38699999999983","22,35",,"15,999999576144774","86"
"Outdoor Cycling","2021-09-14 17:08","2021-09-14 17:28","0:20:31","4,959190286745143","114,31941838430231","118,77728613569323","0:04:08","14,493474521503183",,"71,61599999999999","123,77899999999995","17,150000000000002",,"24,999999337726194","60"
"Outdoor Cycling","2021-09-14 15:35","2021-09-14 16:04","0:29:16","6,006269476105769","109,89967988407","116,92598425196852","0:04:52","12,308862276703708",,"90,697","150,589","25,07",,"25,99999931123523","57"
"Outdoor Cycling","2021-09-11 16:44","2021-09-11 18:21","0:47:01","10,164306323640933","95,89865436600525","119,97328244274816","0:04:37","12,967811565678698",,"164,434","319,63700000000017","37,62",,"20,99999944369","79"
"Outdoor Cycling","2021-09-08 16:03","2021-09-08 17:56","0:59:44","15,687234874354061","109,40511215132723","134,50313971742546","0:03:48","15,756929388197017",,"281,6689999999999","465,40999999999997","21,43",,"25,99999931123523","47"
"Outdoor Cycling","2021-09-03 16:28","2021-09-03 18:19","1:11:26","18,93513107200955","105,07821140259034","125,06354009077148","0:03:46","15,901953397111173",,"278,3159999999999","462,6449999999999","27,52",,"23,99999936421716","45"
"Outdoor Running","2021-08-28 08:00","2021-08-28 08:44","0:44:24","9,131093951942107","159,1482255223154","168,2320238442012","0:04:51","12,337979930578332",,"570,896","659,3619999999999","24,68",,"11,99999968210858","96"
"Outdoor Running","2021-08-22 11:44","2021-08-22 12:41","0:56:49","10,839161107165735","156,8092794887698","164,5938120720272","0:05:14","11,444712301985327",,"708,3220000000002","816,8040000000001","73,39",,"18,999999496671933","86"
"Pool Swimming","2021-08-21 14:17","2021-08-21 14:30","0:12:31","500","185,33333333333334","186","0:25:02","2,3960294534232704",,"144,55700000000002","185,54200000000003",,,,
"Pool Swimming","2021-08-21 11:54","2021-08-21 12:07","0:12:19","500","141,64880952380955","141,64880952380955","0:24:39","2,4333525719501377",,"128,3060000000001","167,9650000000001",,,,
"Outdoor Running","2021-08-19 12:38","2021-08-19 13:24","0:45:59","9,078859659292736","159,1144802631959","165,5000091872748","0:05:03","11,842764080910555",,"581,222","671,5939999999998","23,88",,"19,999999470180967","74"
"Outdoor Running","2021-08-17 09:07","2021-08-17 10:17","1:10:04","13,31159527576901","166,03833394226268","172,76934093726112","0:05:15","11,398690116184328",,"964,5749999999999","1093,2409999999998","264,5",,"12,999999655617671","86"
"Functional Strength Training","2021-08-13 22:31","2021-08-13 22:49","0:18:18",,"83,59701959782137","84,66630196936539",,,,"47,54400000000001","95,01799999999996",,,"21,999999417199092","81"
"Functional Strength Training","2021-08-11 21:04","2021-08-11 21:40","0:35:46",,"85,51070858707857","90,08692307692306",,,,"86,25500000000008","163,55800000000002",,,"22,999999390708126","63"
"Outdoor Running","2021-08-10 11:16","2021-08-10 12:51","1:07:50","10,47360594907138","132,6607489062623","162,16991759111392","0:06:28","9,262695828132376",,"708,4410000000001","873,8179999999999","30,34",,"19,999999470180967","67"
"Outdoor Running","2021-08-08 11:04","2021-08-08 12:01","0:56:54","10,121449196184985","157,96277514972422","166,08099284581195","0:05:37","10,671602947341624",,"670,4490000000002","779,398","66",,"17,9999995231629","70"
"Functional Strength Training","2021-07-25 21:24","2021-07-25 22:04","0:40:03",,"97,19254521561382","99,55391432791731",,,,"147,06699999999998","231,54699999999988",,,"21,999999417199092","73"
"Outdoor Running","2021-07-21 16:31","2021-07-21 17:20","0:49:14","9,531219529327398","158,6223234231063","167,12836685678587","0:05:09","11,614062156690217",,"614,61","709,7159999999999","28,73",,"23,99999936421716","45"
"Outdoor Running","2021-07-16 11:36","2021-07-16 12:51","1:14:31","13,06387515722122","165,9135130872695","177,7270005236012","0:05:42","10,518256286702208",,"963,804","1100,3629999999998","252,8",,"20,99999944369","82"
"Outdoor Cycling","2021-07-09 13:57","2021-07-09 16:51","1:19:41","19,35021851911278","97,81124181060397","138,87815750371473","0:04:07","14,569978596824608",,"517,8","888,8169999999805","49,2",,"18,999999496671933","79"
"Outdoor Cycling","2021-07-04 11:07","2021-07-04 11:23","0:15:43","4,980547677198862","139,05513671216718","140,85891472868215","0:03:09","18,994665452011308",,"144,35800000000003","190,45000000000002","59,69",,,
"Outdoor Cycling","2021-07-04 10:36","2021-07-04 10:48","0:11:50","2,1983502937902486","102,902600945674","121,2247823109284","0:05:23","11,133944450211402",,"65,88499999999998","104,31299999999999","15,09",,,
"Outdoor Cycling","2021-07-04 09:35","2021-07-04 09:55","0:19:30","6,526654934827508","122,73746105458906","124,21236133122024","0:02:59","20,07814538731076",,"137,62199999999996","188,34599999999992","9,700000000000001",,,
"Open Water Swimming","2021-07-03 15:30","2021-07-03 15:43","0:13:11","3,155621754664553","108,66666666666667","126",,"0,014350430812603189",,"138,225","176,70499999999996",,,,
"Outdoor Running","2021-07-02 21:19","2021-07-02 22:05","0:45:16","9,034826607423835","149,3335570696972","154,32215743965025","0:05:00","11,971135028588106",,"574,9839999999999","664,9849999999998","21",,"20,99999944369","63"
"Outdoor Cycling","2021-06-30 15:16","2021-06-30 15:50","0:33:58","6,729396146743726","147,25790701062147","156,93212757681837","0:05:02","11,8849590215548",,"269,68499999999995","341,8349999999999","236,49",,"18,999999496671933","71"
"Open Water Swimming","2021-06-26 15:14","2021-06-26 15:32","0:17:23","9,678668128785326","109,02286741542311","109,02286741542311",,"0,03339372696704792",,"175,06900000000007","223,75700000000006",,,,
"Outdoor Running","2021-06-25 20:25","2021-06-25 21:40","1:14:53","13,338774361104704","152,98338259070488","162,51410495887296","0:05:36","10,685294852787594",,"949,105","1083,8189999999997","258,08",,"20,99999944369","64"
"Outdoor Cycling","2021-06-23 21:24","2021-06-23 21:39","0:15:42","6,025683929808578","123,49589397089396","130,97692307692307","0:02:36","23,02046967101725",,"127,79299999999999","171,48999999999995","8,91",,"18,999999496671933","79"
"Outdoor Cycling","2021-06-23 19:41","2021-06-23 20:17","0:36:26","6,907088691715856","143,7967404585861","159,6008305688064","0:05:16","11,372753921286964",,"246,49099999999999","318,74099999999993","225,97",,"22,999999390708126","65"
"Open Water Swimming","2021-06-20 13:55","2021-06-20 14:06","0:10:56","12,567419913589536","144","166",,"0,0689564007037014",,"113,32600000000002","152,67600000000004",,,,
"Functional Strength Training","2021-06-19 20:35","2021-06-19 21:06","0:30:23",,"89,0755650586918","91,0103550295858",,,,"89,94300000000003","156,69299999999993",,,"29,999999205271422","49"
"Skating Sports","2021-06-19 09:40","2021-06-19 10:16","0:05:52",,"109,60808731710978","125,83573734552975",,,,"63,77400000000001","134,28800000000007",,,"24,999999337726194","64"
"Functional Strength Training","2021-06-12 21:48","2021-06-12 22:41","0:53:40",,"81,36217468701787","89,12109375000003",,,,"130,17400000000004","233,8449999999999",,,"19,999999470180967","58"
"Skating Sports","2021-04-01 11:45","2021-04-01 12:27","0:19:44",,"90,0516698395908","124,48818897637797",,,,"117,19200000000006","196,53800000000007",,,"14,99999960263574","57"
"Outdoor Running","2021-03-31 15:34","2021-03-31 16:18","0:43:55","8,903761254777201","159,74894838273065","165,2063586227945","0:04:55","12,16382149365081",,"575,424","665,4599999999999","29,03",,"22,999999390708126","30"
"Skating Sports","2021-03-31 11:41","2021-03-31 13:30","1:46:52",,"113,78728688370182","129,47314375987366",,,,"727,603","912,5989999999997",,,"15,999999576144774","48"
"Outdoor Running","2021-03-28 16:04","2021-03-28 18:40","2:35:20","27,839985265158116","149,29394405817953","159,53869494502538","0:05:34","10,752566167608334",,"1888,3510000000003","2149,1059999999998","277,64",,"12,999999655617671","40"
"Skating Sports","2021-03-26 09:23","2021-03-26 12:13","1:54:19",,"90,72352684061347","109,61792495449595",,,,"622,1970000000002","892,7859999999988",,,"10,999999708599546","72"
"Outdoor Running","2021-03-24 16:55","2021-03-24 17:38","0:43:49","8,7874705371866","150,82446926874405","154,9827315541602","0:04:59","12,029026580415842",,"573,9510000000002","662,9100000000001","26,76",,"13,999999629126705","43"
"Functional Strength Training","2021-03-23 22:09","2021-03-23 22:55","0:42:18",,"86,92661840458771","89,18561179295479",,,,"125,33100000000002","215,02699999999993",,,"3,9999998940362502","81"
"Skating Sports","2021-03-23 10:37","2021-03-23 11:25","0:47:37",,"106,82423613001178","111,67291436971705",,,,"249,74900000000014","343,17300000000006",,,"6,999999814563353","70"
"Outdoor Running","2021-03-22 15:44","2021-03-22 17:07","1:23:16","16,336118295008745","160,84456677998165","165,59448818897636","0:05:05","11,770708076210383",,"1217,168","1367,9209999999998","355,86",,"7,999999788072387","66"
"Skating Sports","2021-03-22 11:11","2021-03-22 11:36","0:23:18",,"88,75921691277739","90,91731074398066",,,,"98,48600000000005","159,17600000000002",,,"5,9999998410543185","76"
"Outdoor Running","2021-03-20 16:42","2021-03-20 17:23","0:41:26","8,978419560671783","156,3674366517629","159,9762295081967","0:04:36","12,999027564531103",,"575,249","660,0619999999999","27,62",,"4,999999867545284","37"
"Skating Sports","2021-03-20 11:43","2021-03-20 13:18","1:35:01",,"106,17158900487502","127,18584758942458",,,,"553,693","719,0009999999999",,,"1,9999999470181251","45"
"Skating Sports","2021-03-19 10:45","2021-03-19 12:07","1:21:39",,"104,06431380248247","119,2062470537718",,,,"438,6450000000001","584,685",,,"2,9999999205271592","72"
"Functional Strength Training","2021-03-18 22:56","2021-03-18 23:29","0:33:50",,"81,47381749674673","89,52027972027979",,,,"80,36400000000003","149,16099999999994",,,"2,9999999205271592","88"
"Outdoor Running","2021-03-17 17:08","2021-03-17 18:11","1:03:28","13,01918447983459","161,94596966110507","168,80657680464157","0:04:52","12,307556748687182",,"939,241","1057,571","272,85",,"4,999999867545284","58"
"Outdoor Running","2021-03-14 10:13","2021-03-14 13:37","3:10:48","33,878360862705854","153,32577594473562","168,49972768710492","0:05:37","10,65353618289078",,"2341,0200000000004","2678,919999999999","391,8",,"2,9999999205271592","94"
"Outdoor Running","2021-03-10 16:59","2021-03-10 17:57","0:58:15","11,850700488355557","158,58813069894495","169,90839177970335","0:04:54","12,204677468475914",,"815,887","928,1639999999998","122,3",,"9,999999735090512","57"
"Outdoor Running","2021-03-07 15:19","2021-03-07 16:44","1:25:27","16,298390895844438","157,84875088015974","165,43998715306498","0:05:14","11,442206706495925",,"1212,3210000000001","1367,1009999999999","361,35",,"7,999999788072387","33"
"Outdoor Running","2021-03-05 16:25","2021-03-05 17:33","1:08:17","13,072773722786456","151,77256383928454","159,0805908543723","0:05:13","11,485497446915874",,"956,2920000000001","1083,614","271,82",,"5,9999998410543185","53"
"Outdoor Running","2021-03-03 16:05","2021-03-03 17:15","1:07:59","13,118412780156904","157,96524641091438","170,3633387072601","0:05:10","11,575748929948572",,"972,7569999999998","1102,7969999999996","269,27",,"12,999999655617671","48"
"Outdoor Running","2021-02-28 16:40","2021-02-28 17:45","1:04:53","12,424232947600075","153,33911755240894","163,1303234673107","0:05:13","11,487744477466798",,"940,744","1063,116","267,02",,"9,999999735090512","47"
"Outdoor Running","2021-02-25 14:29","2021-02-25 16:51","2:08:36","21,515949292177467","145,5361648639909","160,79501612439313","0:05:58","10,037854234761546",,"1645,7109999999996","1882,2869999999984","562,95",,"17,9999995231629","39"
"Outdoor Running","2021-02-24 17:16","2021-02-24 17:58","0:42:19","8,918653656591662","152,06783397471233","155,48766271021003","0:04:44","12,641379460917975",,"570,4809999999999","656,5439999999998","26,78",,"17,9999995231629","54"
"Functional Strength Training","2021-02-22 21:52","2021-02-22 22:40","0:48:11",,"82,86932922874155","90,2965571205008",,,,"132,25200000000004","224,21299999999994",,,"4,999999867545284","87"
"Outdoor Running","2021-02-21 16:06","2021-02-21 18:10","2:03:50","24,249146280348345","162,97357589030744","169,30294958030166","0:05:06","11,747938362740955",,"1742,3210000000001","1954,0689999999997","449,6",,"16,999999549653808","47"
"Hiking","2021-02-20 13:35","2021-02-20 16:26","1:40:32","5,344253970037846","90,86175448812185","103,28027950310559","0:18:48","3,1891842557111496",,"409,76900000000006","695,8309999999944","201,47",,"14,99999960263574","49"
"Outdoor Running","2021-02-19 16:21","2021-02-19 17:14","0:52:40","10,63654189318031","152,945174473551","156,8788799567705","0:04:57","12,114632698401257",,"711,353","814,9179999999999","81,21000000000001",,"10,999999708599546","67"
"Functional Strength Training","2021-02-18 22:31","2021-02-18 23:36","1:05:42",,"75,50333815454267","90,49241466498104",,,,"139,4530000000001","242,5479999999999",,,"7,999999788072387","74"
"Outdoor Running","2021-02-17 16:15","2021-02-17 17:22","1:06:36","13,074537177698595","162,00909881638978","168,31126046286286","0:05:05","11,77776672453602",,"970,0800000000002","1091,896","267,64",,"9,999999735090512","69"
"Functional Strength Training","2021-02-15 19:52","2021-02-15 20:25","0:33:27",,"103,34387491198828","106,05758807588076",,,,"140,55900000000003","211,42099999999994",,,"0,999999973509091","90"
"Outdoor Running","2021-02-14 16:52","2021-02-14 17:34","0:42:25","8,650694441843777","153,23417596399818","158,83800172942858","0:04:54","12,233510081546438",,"570,7529999999999","656,6069999999999","36,47",,"0,999999973509091","45"
"Outdoor Running","2021-02-12 16:15","2021-02-12 17:05","0:50:08","9,833677953273058","156,64810190712177","162,2917460501231","0:05:05","11,766919403888318",,"697,492","793,8319999999999","126,19",,"-1,9999999470180683","54"
"Outdoor Running","2021-02-10 16:03","2021-02-10 17:20","1:16:17","14,071901397139765","151,2402727995655","159,8775121839986","0:05:25","11,067845654558214",,"1017,0239999999999","1158,6159999999998","280,19",,"-4,999999867545171","63"
"Functional Strength Training","2021-02-08 21:22","2021-02-08 22:01","0:39:26",,"97,90100833206988","99,22295321637425",,,,"148,09100000000004","225,72899999999993",,,"-5,999999841054262","86"
"Outdoor Running","2021-02-07 16:22","2021-02-07 17:30","1:08:15","13,18213132680973","157,14272426028916","162,9107008819751","0:05:10","11,587201927648287",,"969,8380000000001","1096,8629999999998","272,9",,"0,999999973509091","100"
"Traditional Strength Training","2021-02-06 21:05","2021-02-06 21:52","0:46:02",,"87,52346327946132","97,03372681281617",,,,"185,0780000000001","272,14700000000005",,,"3,9999998940362502","92"
"Outdoor Running","2021-02-05 16:30","2021-02-05 17:30","1:00:10","11,894302767693997","153,2650651923077","160,4000318468198","0:05:03","11,8608782395612",,"809,9520000000001","922,976","122,18",,"6,999999814563353","98"
"Outdoor Running","2021-02-03 16:05","2021-02-03 17:16","1:10:53","12,96302250166949","158,66615714435483","166,22848873628573","0:05:28","10,970397796580942",,"975,5299999999999","1104,6849999999997","270,73",,"11,99999968210858","84"
"Traditional Strength Training","2021-02-02 23:17","2021-02-02 23:55","0:38:27",,"87,46420390930221","92,4585253456221",,,,"155,05900000000014","235,17200000000008",,,"8,999999761581478","96"
"Traditional Strength Training","2021-02-01 23:36","2021-02-02 00:03","0:26:54",,"78,84480231083505","89,60925925925926",,,,"106,76200000000004","146,01800000000003",,,"3,9999998940362502","99"
"Traditional Strength Training","2021-01-31 21:38","2021-01-31 22:26","0:47:41",,"85,27396144465023","97,30271668822772",,,,"189,30300000000014","279,5060000000001",,,"1,9999999470181251","89"
"Outdoor Running","2021-01-31 11:00","2021-01-31 11:41","0:40:58","7,905010899202845","152,53013283594132","159,21366808505604","0:05:10","11,577005006528246",,"533,268","616,3449999999999","62,77",,"-0,9999999735090341","92"
"Outdoor Running","2021-01-29 16:16","2021-01-29 17:14","0:58:24","11,356101928062737","154,71798450245439","170,11925166868315","0:05:08","11,664094744381831",,"764,18","875,3169999999998","81,26",,"7,999999788072387","88"
"Outdoor Running","2021-01-27 16:34","2021-01-27 17:18","0:43:54","8,922313328245655","159,65594820755655","166,95450639254312","0:04:55","12,190622210785698",,"570,773","656,0229999999999","28,61",,"0,999999973509091","95"
"Traditional Strength Training","2021-01-25 21:46","2021-01-25 22:38","0:52:21",,"94,43875396068796","98,64814814814814",,,,"212,26700000000017","313,64900000000006",,,"0,999999973509091","92"
"Outdoor Running","2021-01-24 16:23","2021-01-24 17:38","1:14:44","12,987968331414274","153,3431878713465","159,8356960686924","0:05:45","10,425154054112834",,"992,1089999999999","1127,1259999999997","276,94",,"1,9999999470181251","85"
"Traditional Strength Training","2021-01-23 22:50","2021-01-23 23:26","0:35:39",,"87,40077309636314","91,61173184357541",,,,"141,3100000000001","212,80500000000004",,,"2,9999999205271592","87"
"Outdoor Running","2021-01-22 14:33","2021-01-22 15:16","0:43:22","8,918939564023168","154,32817639325245","159,87456122936823","0:04:51","12,338307232814078",,"574,4359999999999","660,8139999999999","29,86",,"3,9999998940362502","89"
"Outdoor Running","2021-01-21 12:20","2021-01-21 13:44","1:24:50","16,16481260261595","161,73995369413737","179,37503832522296","0:05:14","11,432552965825579",,"1220,891","1371,6829999999998","359,55",,"8,999999761581478","79"
"Outdoor Running","2021-01-17 13:29","2021-01-17 14:38","1:09:05","13,112971886034124","158,27535894789818","164,30621819188673","0:05:16","11,387132210323236",,"977,4139999999998","1103,6579999999997","279,77",,"0,999999973509091","86"
"Outdoor Running","2021-01-15 16:02","2021-01-15 17:02","1:00:11","11,881232891852967","153,00648143642738","160,86912006763924","0:05:03","11,844463724987628",,"807,191","919,5689999999998","122,44",,"0,999999973509091","78"
"Outdoor Running","2021-01-13 13:28","2021-01-13 14:39","1:10:38","12,898372632516548","157,04836152089663","163,6359309018783","0:05:28","10,954166590721778",,"969,1359999999999","1079,2249999999997","283,42",,"2,9999999205271592","78"
"Traditional Strength Training","2021-01-12 20:13","2021-01-12 20:42","0:29:21",,"95,22957130416493","99,17723261560187",,,,"127,1560000000001","192,24400000000009",,,"1,9999999470181251","89"
"Outdoor Running","2021-01-10 12:38","2021-01-10 13:19","0:40:38","8,939768940063193","162,0123352559695","168,7375361023664","0:04:32","13,197375457537301",,"572,4399999999999","656,0609999999998","29,86",,"1,9999999470181251","70"
"Outdoor Running","2021-01-08 14:11","2021-01-08 15:21","1:09:53","13,152798590734307","150,8003099536665","158,2118589416905","0:05:18","11,290825244144338",,"991,6759999999999","1119,6429999999998","276,24",,"1,9999999470181251","88"
"Outdoor Running","2021-01-06 13:10","2021-01-06 14:16","1:05:55","13,175589275953458","163,24989120830554","169,1435198964036","0:05:00","11,990595212507776",,"966,5360000000002","1090,563","277,34000000000003",,"2,9999999205271592","88"
"Outdoor Running","2021-01-03 11:43","2021-01-03 13:11","1:27:09","16,479376257835888","161,91006589643632","170,77438923524772","0:05:17","11,345118292594035",,"1250,47","1405,4979999999998","366,45",,"2,9999999205271592","83"
"Traditional Strength Training","2021-01-02 21:48","2021-01-02 22:06","0:18:14",,"90,96963516998345","91,31679389312974",,,,"71,73300000000008","120,23900000000006",,,"0,999999973509091","82"
"Outdoor Running","2020-12-31 11:09","2020-12-31 12:18","1:08:40","13,038509928843938","159,15504272564317","165,2144271517588","0:05:16","11,392056832978755",,"959,886","1086,4669999999999","276,71",,"2,9999999205271592","81"
"Outdoor Running","2020-12-29 13:17","2020-12-29 14:14","0:57:18","10,687358514855411","149,68652559175547","156,65871109695567","0:05:21","11,189122134066432",,"710,1750000000001","816,81","72,10000000000001",,"1,9999999470181251","93"
"Outdoor Running","2020-12-26 15:35","2020-12-26 16:30","0:55:44","10,403122877379879","148,87731667346276","155,47433213719182","0:05:21","11,198997305891938",,"697,1860000000001","803,2330000000001","82,97",,"0,00000000000005684341886080802","90"
"Outdoor Running","2020-12-23 12:47","2020-12-23 13:48","1:01:27","11,873277837521396","157,26976875520742","163,58929437399877","0:05:10","11,590799587665964",,"800,74","916,4969999999998","118,57000000000001",,"12,999999655617671","93"
"Outdoor Running","2020-12-21 14:49","2020-12-21 15:54","1:04:55","11,273243064966053","156,31562392495096","164,4667621863792","0:05:45","10,417564642588777",,"819,532","941,1739999999999","166,99",,"7,999999788072387","91"
"Outdoor Running","2020-12-19 15:15","2020-12-19 16:25","1:10:31","13,120796508600936","85,47548758211549","93","0:05:22","11,161494025483334",,"960,3979999999999","1091,2209999999998","269,02",,"6,999999814563353","82"
"Outdoor Running","2020-12-15 15:34","2020-12-15 16:39","1:04:08","11,971122183654458","151,04149551342934","169,09292642982425","0:05:21","11,197060126828545",,"810,787","929,7729999999999","119,94",,"7,999999788072387","96"
"Outdoor Running","2020-12-13 12:36","2020-12-13 14:08","1:31:42","16,51132186616119","156,56280327506377","165,70099985462767","0:05:33","10,802508224726864",,"1221,5210000000004","1364,015","353,14",,"6,999999814563353","94"
"Outdoor Running","2020-12-10 12:28","2020-12-10 13:13","0:44:49","8,79818159728311","165,5631334403269","166,9832904884319","0:05:05","11,777436505710481",,"586,554","676,6469999999999","30,150000000000002",,"2,9999999205271592","78"
"Outdoor Running","2020-12-05 12:32","2020-12-05 13:41","1:09:08","13,216723217389546","165,10012156253404","170,3801225067466","0:05:13","11,468178590838777",,"949,6819999999998","1075,9799999999996","271,4",,"2,9999999205271592","96"
"Outdoor Running","2020-12-03 13:44","2020-12-03 14:36","0:52:09","9,66725640180707","158,57487020406288","162,4043795620438","0:05:23","11,12060346641645",,"676,6120000000002","777,5100000000001","125,86",,"2,9999999205271592","79"
"Outdoor Running","2020-12-01 08:23","2020-12-01 09:37","1:14:17","12,71166205687169","159,77964494601787","166,1001577287067","0:05:50","10,265183916304588",,"926,9609999999998","1063,2559999999996","274,44",,"0,999999973509091","97"
"Skating Sports","2020-11-29 14:25","2020-11-29 14:44","0:18:32",,"95,03537006534768","102,29758753952454",,,,"81,78900000000007","122,01800000000003",,,"3,9999998940362502","63"
"Skating Sports","2020-11-29 13:42","2020-11-29 14:13","0:31:04",,"115,11479622840245","132,37397116089272",,,,"211,70199999999988","259,24999999999983",,,"2,9999999205271592","64"
"Outdoor Running","2020-11-28 13:27","2020-11-28 14:12","0:44:35","8,740631855081768","151,98092534862573","158,59434974910522","0:05:06","11,76127101344453",,"570,1560000000001","659,304","27,53",,"2,9999999205271592","87"
"Outdoor Running","2020-11-22 09:43","2020-11-22 11:53","2:07:37","22,06471418437756","146,40987398500084","160,1580148280464","0:05:47","10,373193838390296",,"1523,2029999999995","1745,298999999999","298,73",,"0,00000000000005684341886080802","84"
"Outdoor Running","2020-11-19 11:33","2020-11-19 12:25","0:52:04","9,755920798696742","158,80298295422094","167,8217655261343","0:05:20","11,241134746725715",,"681,406","783,0479999999998","124,96000000000001",,"8,999999761581478","79"
"Outdoor Running","2020-11-16 14:21","2020-11-16 15:31","1:09:19","12,581602736880777","159,99873061218605","168,25489092539758","0:05:30","10,887994078853996",,"948,4030000000002","1075,644","268,68",,"11,99999968210858","78"
"Outdoor Running","2020-11-14 15:01","2020-11-14 16:21","1:20:51","15,357191727402006","152,16169313489513","158,22691173012217","0:05:15","11,394797566058822",,"1006,742","1152,7329999999997","115,12",,"15,999999576144774","59"
"Outdoor Running","2020-11-12 16:48","2020-11-12 16:53","0:05:31","1,0473056141470958","150,31996229925338","153,4100662106348","0:05:16","11,381601389139812",,"65,37700000000004","93,62200000000004",,,"10,999999708599546","89"
"Outdoor Running","2020-11-12 16:07","2020-11-12 16:48","0:38:46","7,494252719035372","147,85326740004967","151,75816154461154","0:05:10","11,594285162233756",,"484,4309999999999","555,5109999999999","14,030000000000001",,"10,999999708599546","87"
"Outdoor Running","2020-11-09 14:41","2020-11-09 15:35","0:54:01","9,754063205131265","157,17072717571875","163,006867945394","0:05:32","10,832536616024644",,"679,942","785,2169999999999","117,71000000000001",,"12,999999655617671","64"
"Outdoor Running","2020-11-07 14:44","2020-11-07 15:41","0:56:42","10,063211672462524","145,34305356642616","151,03056764422584","0:05:38","10,64860397839481",,"694,2259999999999","803,1259999999997","81,57000000000001",,"8,999999761581478","74"
"Outdoor Running","2020-11-05 09:39","2020-11-05 10:24","0:45:26","8,963595649642869","150,4936491398346","154,83162028731581","0:05:04","11,837383666508849",,"573,376","663,5849999999998","26,22",,"2,9999999205271592","90"
"Outdoor Running","2020-11-03 14:57","2020-11-03 16:21","1:17:52","13,364436610796382","145,5384070549014","158,53360866361095","0:05:49","10,297064659439032",,"962,3939999999999","1111,1139999999996","263,99",,"12,999999655617671","66"
"Outdoor Running","2020-10-31 13:04","2020-10-31 13:57","0:52:44","9,713584057772472","158,8587587493626","164,256495806552","0:05:25","11,049626384737685",,"686,307","787,5369999999999","124,52",,"14,99999960263574","67"
"Outdoor Running","2020-10-29 15:50","2020-10-29 16:52","1:02:11","10,003330699275507","146,1469859618177","161,10706958809072","0:06:12","9,651990623658632",,"751,206","867,6929999999999","148,23",,"9,999999735090512","90"
"Outdoor Running","2020-10-27 12:06","2020-10-27 12:53","0:46:58","9,15750826508645","153,9891542828814","158,13672866226506","0:05:07","11,697781439185812",,"597,0770000000001","690,4","29,18",,"10,999999708599546","74"
"Outdoor Running","2020-10-25 16:36","2020-10-25 17:40","1:03:33","12,189854618026551","156,96019973998543","166,85212952983304","0:05:12","11,507826003496977",,"824,879","943,2139999999998","114,42",,"15,999999576144774","65"
"Outdoor Running","2020-10-23 07:54","2020-10-23 08:43","0:48:19","8,841696252301762","145,35500584072307","150,7581274941834","0:05:27","10,979502340245002",,"572,3120000000001","667,8050000000001","23,07",,"14,99999960263574","90"
"Outdoor Running","2020-10-20 07:57","2020-10-20 09:52","1:54:58","20,33317157958774","159,82326058086588","171,82429770558548","0:05:39","10,61124811727735",,"1487,116","1685,4419999999996","375,16",,"3,9999998940362502","91"
"Outdoor Running","2020-10-17 15:32","2020-10-17 16:19","0:47:21","8,946420829655603","149,85742581256133","157,6320143531692","0:05:17","11,33463659716873",,"566,724","660,376","28,68",,"10,999999708599546","74"
"Outdoor Running","2020-10-15 15:30","2020-10-15 16:35","1:04:39","11,835820419616484","150,95383257609222","160,34455140411018","0:05:27","10,982191328560605",,"795,0099999999998","913,6559999999996","116,97",,"10,999999708599546","83"
"Outdoor Running","2020-10-12 07:30","2020-10-12 08:42","1:11:52","12,706867148695943","153,9029143624107","163,1189618628885","0:05:39","10,60679499692086",,"932,9160000000002","1065,65","262,06",,"7,999999788072387","93"
"Outdoor Running","2020-10-09 16:27","2020-10-09 17:14","0:47:00","8,890157080406324","153,17101432047812","157,52603380403886","0:05:17","11,347606513795666",,"574,6250000000001","668,9490000000001","23,54",,"13,999999629126705","92"
"Outdoor Running","2020-10-07 14:32","2020-10-07 15:48","1:16:21","13,439183264237766","159,10274523203188","167,77310950581057","0:05:40","10,559576357981612",,"961,122","1097,8539999999998","261,42",,"15,999999576144774","63"
"Outdoor Running","2020-10-04 15:57","2020-10-04 17:09","1:11:57","12,856624609810343","164,1429673024237","174,31163232510914","0:05:35","10,720627486484338",,"947,1079999999998","1078,9709999999995","251,57",,"15,999999576144774","47"
"Outdoor Running","2020-09-21 11:56","2020-09-21 13:08","1:12:23","12,879838909082222","154,71769211239396","166,91359462213737","0:05:37","10,673920898059064",,"960,5049999999999","1090,5549999999996","252,67000000000002",,"19,999999470180967","47"
"Outdoor Running","2020-09-18 17:53","2020-09-18 18:41","0:47:56","7,272709496638228","133,89931736613426","154,16911754997855","0:06:35","9,101596532918123",,"522,5759999999999","614,1409999999998","51,47",,"19,999999470180967","43"
"Outdoor Running","2020-09-17 12:59","2020-09-17 13:44","0:44:43","8,906776646435931","152,7930899767746","161,32568858350558","0:05:01","11,94670911105401",,"588,844","678,592","29,810000000000002",,"18,888888888888914","61"
"Hiking","2020-09-14 09:01","2020-09-14 17:23","7:02:56","15,737041307124159","110,67742346526737","132,63898369811673","0:26:52","2,2325025738560416",,"1426,289000000001","2220,3389999999968","917,33",,"11,111111111111143","50"
"Hiking","2020-09-13 16:57","2020-09-13 18:18","1:07:14","1,6405459013991057","119,29968019522916","136,2373234700739","0:40:59","1,4638897735763703",,"174,2950000000001","296,97399999999993","140,38",,,
"Hiking","2020-09-13 16:31","2020-09-13 16:57","0:25:50","0,6876901437547058","119,04822419253935","123,2558317539","0:37:34","1,5969896510628179",,"109,67000000000002","158,04799999999994","156,47",,"17,222222222222285","38"
"Hiking","2020-09-13 15:40","2020-09-13 16:31","0:51:03","1,8280947369467466","115,35316140492019","124,63179605743487","0:27:56","2,147923876556594",,"279,0019999999999","366,45199999999977","316,51",,"17,222222222222285","36"
"Hiking","2020-09-13 09:18","2020-09-13 14:53","4:31:19","12,959251404956893","100,5432749565186","127,82940251572326","0:20:56","2,865764981491326",,"1186,6370000000002","1721,7779999999977","695,9300000000001",,"10,5555555555556","63"
"Hiking","2020-09-12 09:06","2020-09-12 15:23","4:59:26","12,3910761968242","108,26537183948932","126,8223270440252","0:24:09","2,482838856375499",,"1302,966","1897,8009999999945","831,6800000000001",,"16,111111111111143","62"
"Hiking","2020-09-11 09:35","2020-09-11 17:50","6:30:21","14,981634842728266","107,05465657119144","124,48278539366724","0:26:03","2,3027271553100466",,"1534,672","2310,3999999999933","1003,1",,"10,000000000000057","82"
"Hiking","2020-09-10 16:12","2020-09-10 18:43","2:29:39","6,099975079465658","115,46410525822286","128,0496401971245","0:24:32","2,4455462560837242",,"507,784","761,9499999999996","47,03",,"12,222222222222285","61"
"Hiking","2020-09-10 15:53","2020-09-10 16:11","0:18:32","0,30947312946338207","132,46201083748792","141,27934815502823","0:59:54","1,0014389452947354",,"45,45600000000004","74,56099999999999","50,36",,"10,000000000000057","70"
"Hiking","2020-09-10 07:31","2020-09-10 15:53","7:07:48","18,864832948938012","121,0557921981524","150,3544064075845","0:22:40","2,645757165114848",,"2164,0650000000014","2935,9759999999974","2126,42",,"14,444444444444457","91"
"Hiking","2020-09-09 08:28","2020-09-09 18:58","7:25:32","21,159013455740176","110,67818317196696","142,8129955382938","0:21:03","2,849454156344303",,"1941,6750000000004","2910,85899999999","868,94",,"8,333333333333371","89"
"Hiking","2020-09-08 13:34","2020-09-08 17:56","3:48:39","13,120627270618453","112,80929201973181","142,62551710712015","0:17:25","3,4429098317506712",,"1130,5300000000002","1555,9499999999982","693,23",,"18,33333333333337","59"
"Outdoor Running","2020-09-05 09:51","2020-09-05 10:59","1:07:59","12,478056000710255","161,54591709697274","171,25451353718373","0:05:26","11,011878042942426",,"939,2679999999999","1066,8499999999997","251,72",,"17,222222222222285","84"
"Yoga","2020-08-31 22:09","2020-08-31 22:24","0:15:33",,"99,19203746730531","101,84967503120563",,,,"92,98500000000001","130,10299999999998",,,"15,000000000000057","90"
"Outdoor Running","2020-08-31 17:44","2020-08-31 19:16","1:11:21","12,840680665710009","137,8724892783257","167,42449751844833","0:05:33","10,796927323393296",,"885,3140000000003","1047,2440000000001","119,57000000000001",,"17,77777777777783","76"
"Hiking","2020-08-29 10:45","2020-08-29 14:36","3:25:59","19,59176634085644","111,67805112572138","129,01417322834644","0:10:30","5,7064756423324035",,"1337,1799999999998","1711,171999999998","249,57",,"15,5555555555556","87"
"Outdoor Running","2020-08-28 16:39","2020-08-28 17:30","0:51:16","9,899182912513867","150,32995106157188","162,18298456508063","0:05:10","11,582532104358613",,"661,9599999999997","760,0129999999996","72,62",,"16,111111111111143","100"
"Outdoor Running","2020-08-27 06:56","2020-08-27 07:41","0:45:31","9,017404392589077","147,33793788789814","153,17999449279893","0:05:02","11,883755935642426",,"572,3280000000001","661,8","23,330000000000002",,"12,777777777777828","86"
"Outdoor Running","2020-08-24 20:12","2020-08-24 21:22","1:04:16","12,026969452334471","143,57162046873705","156,25921797985754","0:05:20","11,227086252318161",,"800,829","929,5509999999998","103,19",,"21,111111111111143","49"
"Outdoor Running","2020-08-22 15:16","2020-08-22 16:11","0:55:27","10,166088093647604","147,71586873995923","155,81519709287184","0:05:27","10,99774656020082",,"655,502","763,4879999999998","26,43",,"26,111111111111143","58"
"Outdoor Running","2020-08-18 08:52","2020-08-18 09:37","0:42:47","7,095119155627209","135,36786313085636","143,58099041709033","0:06:01","9,947348732566065",,"457,876","545,3879999999999","7,86",,"20,5555555555556","79"
"Outdoor Running","2020-08-14 07:43","2020-08-14 08:46","1:03:05","11,00637521421304","142,5172722393904","153,0979529427236","0:05:43","10,46790282415849",,"784,4130000000001","901,5509999999999","203,77",,"20,000000000000057","90"
"Outdoor Running","2020-08-12 06:48","2020-08-12 07:34","0:46:16","8,92174806152191","146,063425541244","153,69157351565596","0:05:11","11,567892109360704",,"572,1260000000001","663,251","24,84",,"21,666666666666686","76"
"Outdoor Running","2020-08-10 08:55","2020-08-10 10:00","1:05:14","10,68077774249608","151,35572363436083","162,59218562661087","0:06:06","9,822299254535372",,"736,276","854,8359999999998","67,22",,"23,33333333333337","60"
"Outdoor Running","2020-08-08 20:20","2020-08-08 21:06","0:45:59","8,2724868626422","150,36056526589226","159,01702557787118","0:05:33","10,791634737497866",,"544,477","633,2249999999999","52,25",,"28,888888888888914","36"
"Outdoor Running","2020-08-03 07:36","2020-08-03 08:24","0:48:36","9,464422728379695","142,35244761917608","149,61623738247897","0:05:08","11,682217735818611",,"607,1930000000001","702,557","21,98",,"16,666666666666686","80"
"Outdoor Running","2020-07-31 10:53","2020-07-31 11:41","0:48:10","9,08112680229478","151,96058161113922","157,81538101822346","0:05:18","11,310103146038568",,"627,9879999999999","725,7289999999999","23,11",,"26,111111111111143","38"
"Outdoor Cycling","2020-07-29 11:04","2020-07-29 11:28","0:24:22","7,246611561218044","116,22998057136135","122,38896211661645","0:03:21","17,835956475887834",,"130,981","192,51400000000007","10,36",,"21,111111111111143","47"
"Outdoor Cycling","2020-07-29 09:30","2020-07-29 10:05","0:22:53","6,530129459167474","101,01018874322045","116,34820771833473","0:03:30","17,12095982173576",,"108,18","183,4400000000001","2,02",,"18,888888888888914","57"
"Outdoor Running","2020-07-28 20:14","2020-07-28 21:00","0:46:11","8,931483404182364","150,10585124142585","153,71440543883585","0:05:10","11,603512531221446",,"612,6800000000001","709,1270000000001","21,72",,"25,000000000000057","36"
"Outdoor Cycling","2020-07-24 21:38","2020-07-24 22:45","1:06:13","27,31459110880259","140,25212025157603","154,70614077909852","0:02:25","24,747988004535696",,"750,3689999999999","881,4750000000001","238,81",,"22,77777777777783","40"
"Outdoor Cycling","2020-07-24 15:45","2020-07-24 16:41","0:56:14","27,184855682861876","141,19681982327117","154,94763984129642","0:02:04","28,99737911161872",,"721,3709999999999","835,6","143,44",,"25,000000000000057","34"
"Outdoor Running","2020-07-23 20:05","2020-07-23 21:39","1:17:31","13,730904348562525","147,94748272134052","166,38866661661103","0:05:38","10,627488334530938",,"1041,8639999999998","1212,067","246,57",,"25,5555555555556","29"
"Outdoor Cycling","2020-07-21 13:03","2020-07-21 13:45","0:33:19","14,277498064579083","143,8604159560742","161,54052536964235","0:02:20","25,70023177360248",,"370,174","461,49400000000014","19,3",,"23,33333333333337","34"
"Outdoor Running","2020-07-20 10:02","2020-07-20 11:19","1:16:57","13,139257891236033","155,06407347566736","168,3847329248769","0:05:51","10,24486899851331",,"1026,058","1168,8029999999999","270,27",,"21,666666666666686","55"
"Outdoor Running","2020-07-17 16:32","2020-07-17 17:33","1:00:38","10,903327878664182","150,8975516785917","158,46308350733779","0:05:33","10,787831609513777",,"817,364","935,806","204,81",,"22,77777777777783","46"
"Outdoor Running","2020-07-14 19:22","2020-07-14 20:29","1:07:01","11,947110332570427","155,48037520835797","165,1873118731908","0:05:36","10,69536353257728",,"852,764","983,134","110,48",,"25,5555555555556","31"
"Outdoor Running","2020-07-12 19:00","2020-07-12 19:47","0:47:08","9,063033249946777","156,7428296829295","163,14100749243426","0:05:12","11,53416239386945",,"615,0839999999998","712,9319999999998","31,96",,"23,888888888888914","32"
"Outdoor Cycling","2020-07-11 09:15","2020-07-11 10:05","0:19:52","7,798406783629516","124,28570600658593","133,97832369942202","0:02:32","23,543713313445195",,"194,21000000000006","294,60600000000034","11,77",,"16,666666666666686","64"
"Outdoor Running","2020-07-08 15:58","2020-07-08 17:27","1:25:04","14,532479018956888","152,68270533042204","166,2599375951082","0:05:51","10,249211768403208",,"1095,9769999999999","1252,4379999999999","263,8",,"15,5555555555556","91"
"Outdoor Running","2020-07-05 16:07","2020-07-05 17:50","1:00:51","10,448668890089262","122,97678350876308","160,39119026789135","0:05:49","10,300715766525483",,"728,9830000000001","911,0500000000004","38,06",,"26,111111111111143","54"
"Outdoor Cycling","2020-07-05 10:44","2020-07-05 13:01","1:09:50","18,06302773754882","83,03444475339798","94,41401889222837","0:03:51","15,51809223779046",,"344,48900000000003","577,9390000000005","31,810000000000002",,"21,666666666666686","69"
"Outdoor Running","2020-06-30 20:15","2020-06-30 21:02","0:46:27","9,08767856944166","152,69936889221248","154,59800868011232","0:05:06","11,73826025903846",,"611,2400000000001","707,4460000000001","29,810000000000002",,"21,666666666666686","50"
"Outdoor Running","2020-06-29 21:47","2020-06-29 22:16","0:29:25","5,313726958377927","143,10283818513656","145,89115586433323","0:05:32","10,832418733448195",,"368,26800000000003","436,995","19,73",,"20,000000000000057","47"
"Outdoor Running","2020-06-26 21:17","2020-06-26 22:05","0:48:12","8,96524330854835","150,75345612517464","155,19214255738126","0:05:22","11,157650100947643",,"606,0950000000001","705,171","24,13",,"22,77777777777783","68"
"Traditional Strength Training","2020-06-25 22:24","2020-06-25 22:32","0:08:42",,"97,45117206147582","97,45117206147582",,,,"34,68000000000004","69,25100000000003",,,"22,222222222222285","59"
"Outdoor Running","2020-06-24 21:31","2020-06-24 22:22","0:49:23","9,13058562988865","147,58241068007123","154,74613001778232","0:05:24","11,090347371540853",,"619,7510000000001","724,9610000000001","30,59",,"24,444444444444457","42"
"Outdoor Cycling","2020-06-22 20:42","2020-06-22 21:15","0:29:40","9,438167782234581","118,21523915260838","125,44571428571427","0:03:08","19,08304384823933",,"227,22699999999998","301,94500000000005","48,300000000000004",,"22,77777777777783","54"
"Outdoor Running","2020-06-20 20:17","2020-06-20 21:04","0:47:24","9,105339479427318","148,23093775581665","151,38793518415878","0:05:12","11,524235545363137",,"615,4870000000001","716,34","24,5",,"21,666666666666686","52"
"Outdoor Running","2020-06-18 15:16","2020-06-18 16:19","1:02:59","10,902179321142732","151,88721454930035","163,06762434377703","0:05:46","10,383638735474031",,"847,3130000000002","968,9100000000002","210,20000000000002",,"22,77777777777783","52"
"Outdoor Running","2020-06-16 16:39","2020-06-16 18:05","1:02:20","10,23799244382598","133,80979935004072","159,37633127028974","0:06:05","9,85224782562405",,"738,1480000000001","893,1440000000002","38,24",,"19,444444444444457","84"
"Outdoor Running","2020-06-14 19:54","2020-06-14 20:41","0:46:39","8,87931530047229","155,77765405346636","159,295378223647","0:05:15","11,419663015106947",,"610,462","704,182","20,17",,"19,444444444444457","75"
"Outdoor Running","2020-06-12 21:03","2020-06-12 21:40","0:24:41","4,620754298874643","152,07437680460018","158,87237630940857","0:05:20","11,227182166275654",,"325,05","407,72300000000007","31,240000000000002",,"23,888888888888914","41"
"Outdoor Running","2020-06-11 14:47","2020-06-11 16:02","1:13:06","14,015262880844995","158,0329385271005","172,39915922287034","0:05:12","11,50314335557689",,"1042,8829999999998","1187,7099999999998","187,15",,"17,77777777777783","71"
"Outdoor Running","2020-06-07 14:47","2020-06-07 17:04","1:16:19","13,28364610568434","122,20072737707066","169,56801418969167","0:05:44","10,442418879124284",,"964,6010000000001","1198,4020000000005","117,43",,"18,33333333333337","45"
"Outdoor Running","2020-06-04 07:51","2020-06-04 09:02","1:06:35","11,960145119093823","150,44191507533978","166,903067800741","0:05:34","10,775183521547826",,"854,2790000000001","989,2420000000002","115,94",,"15,5555555555556","86"
"Outdoor Cycling","2020-05-31 20:52","2020-05-31 21:36","0:38:39","16,11860636325199","138,61768928061522","145,81164937676897","0:02:23","25,01358361858289",,"394,725","488,86600000000016","28",,"18,33333333333337","43"
"Hiking","2020-05-31 20:46","2020-05-31 20:52","0:05:41","0,3562251702942886","103,8896071763232","103,8896071763232","0:15:57","3,758731917429854",,"27,225999999999978","36,733999999999995",,,"17,77777777777783","42"
"Hiking","2020-05-31 20:04","2020-05-31 20:18","0:13:33","1,3107808012198656","147,9289763709678","149,59267241379305","0:10:20","5,804061793853803",,"140,44199999999998","185,13","105,95",,"20,000000000000057","37"
"Outdoor Cycling","2020-05-31 19:42","2020-05-31 20:04","0:21:57","9,227051360207174","134,71976259838033","142,60788133670263","0:02:22","25,21496602291518",,"236,83299999999997","273,151","46,88",,"20,5555555555556","38"
"Outdoor Running","2020-05-30 16:31","2020-05-30 17:42","1:11:38","12,794948376671691","154,69724749862928","165,6153111721384","0:05:35","10,716029500382476",,"984,4710000000002","1123,9020000000003","251,8",,"20,000000000000057","32"
"Outdoor Running","2020-05-25 09:32","2020-05-25 12:05","0:58:35","9,775031428681814","111,2275268669681","160,25488072308877","0:05:59","10,00979696352334",,"690,582","950,6630000000007","38,18",,"15,000000000000057","77"
"Outdoor Running","2020-05-23 16:47","2020-05-23 17:34","0:46:23","9,039900292270817","150,61600423627092","156,27552647204303","0:05:07","11,692615597607029",,"616,833","712,9799999999999","29,69",,"13,888888888888914","75"
"Outdoor Running","2020-05-18 17:32","2020-05-18 18:26","0:54:04","9,947335804899966","153,04082889818477","161,29938808663996","0:05:26","11,035922760442263",,"713,9710000000002","826,1490000000002","68,1",,"22,222222222222285","34"
"Outdoor Cycling","2020-05-16 17:58","2020-05-16 19:03","1:04:53","26,886876990369885","150,51072323856673","160,65725758315898","0:02:24","24,862143550035015",,"777,1459999999998","906,813","265,11",,"18,888888888888914","35"
"Outdoor Cycling","2020-05-16 14:56","2020-05-16 16:26","1:02:56","29,217133830648947","133,27251817424187","164,03199167895482","0:02:09","27,8523252745949",,"787,0600000000001","947,5190000000003","147,4",,"17,222222222222285","38"
"Outdoor Running","2020-05-14 09:13","2020-05-14 11:57","0:55:08","9,714846039905678","111,32794360124072","167,23719794488093","0:05:40","10,571027949127348",,"695,077","969,0290000000007","35,51",,"8,888888888888914","71"
"Outdoor Running","2020-05-10 16:53","2020-05-10 18:38","1:07:00","10,396358066833905","123,24455979820917","161,83587630448926","0:06:26","9,309556722130255",,"755,4959999999999","944,5990000000002","35,410000000000004",,"26,111111111111143","45"
"Outdoor Running","2020-05-09 14:42","2020-05-09 15:38","0:56:39","10,302274997839238","156,7167871985812","163,38750259882747","0:05:30","10,908770598703693",,"729,079","842,352","76,36",,"23,33333333333337","38"
"Outdoor Running","2020-05-07 09:13","2020-05-07 12:20","0:50:43","9,346460591761861","105,2450328631796","166,48838221011127","0:05:25","11,054332311848205",,"654,664","973,0269999999988","30,59",,"11,666666666666686","62"
"Outdoor Cycling","2020-05-06 09:25","2020-05-06 10:26","0:59:16","12,078778273462996","105,06964351816107","120,57804901535948","0:04:54","12,225014322670242",,"362,57800000000003","478,3100000000002","59,69",,"11,111111111111143","48"
"Outdoor Running","2020-05-02 15:29","2020-05-02 16:38","1:00:30","9,937807517996523","135,5238189232475","153,3156268259334","0:06:05","9,8531265139785",,"718,284","831,4930000000002","35,57",,"12,222222222222285","64"
"Outdoor Running","2020-05-01 16:26","2020-05-01 17:31","0:58:09","11,159034151547534","151,74909483409348","161,49419783179118","0:05:12","11,513086925652695",,"793,5100000000001","914,5450000000001","112,44",,"12,777777777777828","77"
"Outdoor Running","2020-04-29 09:33","2020-04-29 11:46","1:01:24","10,009352333044609","110,53975181018703","156,9030396885111","0:06:08","9,780438048366506",,"724,2220000000002","947,6930000000006","32,99",,"13,888888888888914","74"
"Outdoor Running","2020-04-27 11:26","2020-04-27 12:55","0:53:13","9,130760914121156","127,8009255937604","163,0553375642951","0:05:49","10,291823476982168",,"643,7810000000001","807,4260000000002","33,37",,"18,888888888888914","50"
"Outdoor Running","2020-04-25 11:02","2020-04-25 12:54","1:14:18","12,701509570816066","132,3247590191698","175,30475095419473","0:05:51","10,25494461182086",,"942,7239999999998","1141,48","130,81",,"11,666666666666686","54"
"Outdoor Running","2020-04-24 09:51","2020-04-24 11:55","0:53:00","9,188346882058198","114,54747963017458","158,51909771391047","0:05:46","10,398676098745307",,"639,806","855,1310000000003","30,330000000000002",,"12,222222222222285","62"
"Outdoor Walking","2020-04-23 10:21","2020-04-23 12:13","1:25:29","6,84258175742722","94,58725678772922","108,00154139457933","0:12:29","4,802214768349486",,"443,864","645,9110000000002","57,410000000000004",,"15,5555555555556","39"
"Outdoor Running","2020-04-22 11:30","2020-04-22 11:43","0:12:30","2,137392200608272","152,51288627480153","157,89215236142928","0:05:50","10,257945800531937",,"145,75100000000006","187,49800000000005","6,98",,"17,222222222222285","33"
"Outdoor Running","2020-04-22 09:06","2020-04-22 09:55","0:48:42","7,759945482674055","149,72143919951947","162,708654101252","0:06:16","9,558949064290017",,"559,9210000000002","662,0080000000003","24,52",,"12,777777777777828","41"
"Outdoor Running","2020-04-21 15:11","2020-04-21 16:35","0:53:15","9,041958689239808","134,1729820185351","162,495335993492","0:05:53","10,186015903042696",,"631,7119999999999","786,9490000000001","32,160000000000004",,"21,111111111111143","22"
"Outdoor Running","2020-04-20 09:28","2020-04-20 11:03","1:00:29","10,01689733418962","128,56077224355536","162,66997991770387","0:06:02","9,935399465909235",,"716,17","889,9970000000002","81,31",,"11,666666666666686","43"
"Outdoor Running","2020-04-18 10:43","2020-04-18 12:16","0:59:59","9,608914291014894","129,9505593800139","161,1843722714021","0:06:14","9,609322545934598",,"684,211","854,8700000000001","41,81",,"17,222222222222285","58"
"Outdoor Running","2020-04-17 09:50","2020-04-17 11:33","1:02:28","10,333582923352894","125,19734662073762","155,66400224936774","0:06:02","9,922907735751052",,"715,9839999999999","900,2840000000001","34,21",,"15,000000000000057","57"
"Outdoor Running","2020-04-12 15:23","2020-04-12 16:24","1:01:46","11,057005329867563","156,29089875948324","164,69956066068093","0:05:35","10,740385014888416",,"828,425","949,0279999999999","212,27",,"23,888888888888914","26"
"Outdoor Running","2020-04-09 16:55","2020-04-09 18:03","1:05:28","11,964701496383222","159,97225865180937","168,21197375143015","0:05:28","10,964094768840932",,"846,575","977,6460000000001","105,12",,"23,888888888888914","25"
"Outdoor Running","2020-04-05 13:32","2020-04-05 14:32","1:00:08","10,938540837178815","158,42963813620767","164,9161107583886","0:05:29","10,912584687481832",,"856,0300000000002","954,0190000000002","216,62",,"16,666666666666686","34"
"Outdoor Running","2020-04-02 12:48","2020-04-02 13:54","1:03:39","11,894250840658414","156,27046486655513","164,49675414044714","0:05:21","11,211483503815503",,"844,082","974,553","112,43",,"10,5555555555556","35"
"Outdoor Cycling","2020-03-31 16:27","2020-03-31 17:12","0:45:01","11,37841467564847","117,4773654059409","122,7890142001546","0:03:57","15,16339745014407",,"343,58599999999996","437,49300000000005","67,28",,"10,000000000000057","31"
"Traditional Strength Training","2020-03-29 11:39","2020-03-29 12:00","0:20:26",,"81,31476679932449","81,7018550900935",,,,"83,74900000000012","139,1880000000002",,,"6,111111111111143","66"
"Outdoor Running","2020-03-28 10:48","2020-03-28 11:49","1:01:30","11,032208862806682","165,21225241157","170,3393700787401","0:05:34","10,76094500021445",,"848,9029999999999","968,0939999999999","217,59",,"13,888888888888914","48"
"Outdoor Cycling","2020-03-22 15:38","2020-03-22 16:58","1:19:48","18,376389141920985","86,6143911629822","90,11485290194274","0:04:20","13,814776999470036",,"455,34099999999995","593,3850000000002","227,5",,"10,000000000000057","29"
"Outdoor Running","2020-03-21 15:50","2020-03-21 16:56","1:03:44","11,950280519312248","154,24339776386654","162,85580214961735","0:05:20","11,249195031276779",,"853,6440000000001","983,008","121,67",,"7,777777777777828","57"
"Outdoor Running","2020-03-18 13:42","2020-03-18 14:37","0:55:48","9,699552946241738","159,18172044895405","168,1016000484429","0:05:45","10,428965927432161",,"800,4089999999999","912,7569999999998","191,55",,"16,666666666666686","55"
"Outdoor Running","2020-03-14 14:48","2020-03-14 15:32","0:43:53","7,936805143448058","159,02601453980424","165,3569447357425","0:05:31","10,848998214336671",,"559,5","648,8879999999999","66,8",,"8,888888888888914","57"
"Outdoor Running","2020-03-12 14:57","2020-03-12 15:57","0:59:51","10,737695238964166","156,70594210094075","162,08244852095848","0:05:34","10,76301940377877",,"752,9419999999999","871,6839999999999","77,09",,"12,777777777777828","74"
"Outdoor Running","2020-02-29 15:16","2020-02-29 16:06","0:50:11","9,339612510858794","162,00368943988454","170,87670794582777","0:05:22","11,165570634027183",,"632,1840000000001","733,8850000000001","34,15",,"13,888888888888914","59"
"Outdoor Running","2020-02-19 16:04","2020-02-19 16:56","0:52:41","9,14702163382992","153,83908760155674","161,8507075982046","0:05:45","10,415028040264778",,"669,757","778,2350000000001","21,87",,"8,333333333333371","53"
"Outdoor Running","2020-02-15 14:39","2020-02-15 15:55","1:15:55","14,217428442989926","168,39006298923692","173,11281822902035","0:05:20","11,235727195322943",,"1020,3149999999997","1163,8159999999998","103,96000000000001",,"9,444444444444457","67"
"Outdoor Running","2020-02-08 15:09","2020-02-08 16:05","0:56:12","9,961818336552941","157,92799411095422","165,92182289512482","0:05:38","10,63398998375614",,"767,6890000000001","878,633","194,79",,"8,888888888888914","61"
"Traditional Strength Training","2020-02-07 20:03","2020-02-07 20:21","0:18:31",,"90,05242084847475","93,66958946608092",,,,"77,6080000000001","118,67800000000015",,,"3,3333333333333712","74"
"Outdoor Running","2020-02-05 14:25","2020-02-05 15:27","1:01:40","11,986651808137013","162,5901020697232","171,9070370587472","0:05:08","11,660888904546551",,"858,6299999999998","966,2279999999997","123,66",,"6,666666666666686","55"
"Outdoor Running","2020-02-01 16:09","2020-02-01 17:11","1:02:05","10,924973447561984","156,57782770493853","165,97830333482733","0:05:41","10,556186047523736",,"862,8499999999998","982,7349999999998","213,18",,"11,666666666666686","94"
"Outdoor Running","2020-01-25 16:46","2020-01-25 17:46","1:00:11","11,993726637323853","159,88929867372892","167,83223756204754","0:05:01","11,956235665197795",,"861,66","973,0529999999999","123,16",,"2,2222222222222854","97"
"Outdoor Running","2020-01-22 15:28","2020-01-22 16:30","1:01:38","11,913945674305353","152,52768412328743","160,56295934959587","0:05:10","11,597978260240204",,"852,8259999999997","974,8449999999997","125,28",,"-0,5555555555555429","89"
"Outdoor Running","2020-01-19 14:17","2020-01-19 15:04","0:46:24","9,25333387795059","154,3549309332261","160,05234087985195","0:05:00","11,961527959390578",,"633,8710000000001","731,724","20,7",,"5,5555555555556","74"
"Outdoor Running","2020-01-15 14:15","2020-01-15 15:24","1:08:57","11,85662014304184","160,40411672579552","164,55384615384614","0:05:48","10,315511746610769",,"979,0080000000003","1113,8580000000002","257,06",,"13,333333333333371","52"
"Outdoor Running","2020-01-12 15:17","2020-01-12 16:01","0:43:46","9,19566884839312","156,36539592479045","161,37347628847343","0:04:45","12,605818031641936",,"647,2660000000001","738,1740000000001","31,16",,"5,000000000000057","76"
"Outdoor Running","2020-01-10 15:33","2020-01-10 16:36","1:03:05","11,173267332246994","153,9705821805981","166,30369420015197","0:05:38","10,626862256866731",,"849,8800000000001","971,7770000000002","213,35",,"10,5555555555556","79"
"Outdoor Running","2020-01-08 15:30","2020-01-08 16:35","1:05:12","12,027780503841583","154,24773887784744","162,685087877878","0:05:25","11,06826733565836",,"862,3849999999999","990,7739999999999","116,71000000000001",,"6,666666666666686","94"
"Outdoor Running","2020-01-05 10:52","2020-01-05 11:52","1:00:06","11,08850167254475","158,64546537082978","163,4461479259416","0:05:25","11,067505035481217",,"795,95","915,779","90,52",,"2,7777777777778283","95"
"Outdoor Running","2020-01-02 08:55","2020-01-02 09:57","1:01:53","12,089107483847998","156,5633127027703","166,5014900182534","0:05:07","11,719323306888372",,"861,2419999999997","977,9949999999997","125,71000000000001",,"-1,1111111111110858","94"
"Outdoor Running","2019-12-30 15:40","2019-12-30 16:42","1:01:34","11,06726667899778","151,75046895624618","159,14645214120475","0:05:33","10,783318476887336",,"797,0830000000002","908,8680000000002","91,15",,"4,444444444444457","61"
"Outdoor Running","2019-12-29 10:52","2019-12-29 12:03","1:11:14","12,934486714005729","159,05076074874438","170,30368872243383","0:05:30","10,893582219157903",,"998,624","1132,804","265,85",,"-0,5555555555555429","78"
"Outdoor Running","2019-12-26 15:45","2019-12-26 16:51","1:03:19","12,012073855696478","158,3367504402134","168,95859118792896","0:05:16","11,38268205951536",,"850,1350000000001","978,7490000000001","108,46000000000001",,"7,222222222222285","79"
"Outdoor Running","2019-12-24 09:40","2019-12-24 10:48","1:08:18","11,727873122439254","156,54476268119828","165,86410230604272","0:05:49","10,300786420061566",,"926,682","1053,796","196,01",,"6,666666666666686","82"
"Outdoor Cycling","2019-12-22 19:40","2019-12-22 19:46","0:06:10","0,0971968207292839","66,21614374861355","66,21614374861355",,"0,9435895345145224",,"14,100000000000007","41,321000000000026",,,"7,777777777777828","89"
"Outdoor Running","2019-12-21 15:18","2019-12-21 16:36","1:17:31","13,026892453438137","154,94312046318947","171,95080381144538","0:05:57","10,08242029174073",,"956,3660000000001","1106,151","129,25",,"10,000000000000057","73"
"Outdoor Running","2019-12-18 15:39","2019-12-18 16:26","0:46:31","9,016038507816148","162,6918953602931","168,70785110481918","0:05:09","11,625704087845024",,"612,6959999999998","708,9259999999998","26,77",,"11,666666666666686","78"
"Outdoor Running","2019-12-02 12:01","2019-12-02 13:02","1:00:49","11,190040612839395","163,87020217935","172,53182381770523","0:05:26","11,037926923504351",,"853,599","971,466","223,20000000000002",,"3,3333333333333712","77"
"Outdoor Running","2019-11-27 19:39","2019-11-27 20:42","1:03:34","12,126507783792563","158,4431585392861","167,85245986524347","0:05:14","11,445009102513737",,"858,0730000000002","981,6750000000002","127,17",,"11,666666666666686","79"
"Outdoor Running","2019-11-23 12:31","2019-11-23 13:33","1:02:31","12,092276794618229","158,7393986325673","165,25324030481423","0:05:10","11,603385410421334",,"835,0989999999997","957,2399999999997","64,11",,"10,5555555555556","64"
"Outdoor Running","2019-11-20 11:53","2019-11-20 13:15","1:21:44","14,923426137149335","163,4666781373449","178","0:05:28","10,954693850571541",,"1111,797","1267,828","223,85",,"3,3333333333333712","86"
"Outdoor Running","2019-11-17 10:57","2019-11-17 11:39","0:41:24","7,938434071239084","157,20310972116982","180","0:05:12","11,502070789374946",,"569,559","657,116","64,73",,"3,3333333333333712","99"
"Outdoor Running","2019-11-15 15:03","2019-11-15 16:21","1:18:13","14,131889126521152","159,83056439369471","169,09541218120387","0:05:32","10,840144095943177",,"1017,6179999999998","1166,638","138,03",,"6,111111111111143","75"
"Outdoor Running","2019-11-11 12:08","2019-11-11 13:09","0:59:10","10,780224139537022","158,06531510379943","170","0:05:29","10,930131592727825",,"869,9549999999999","989,106","233,20000000000002",,"3,888888888888914","81"
"Outdoor Cycling","2019-11-09 13:38","2019-11-09 14:06","0:27:23","9,219520059965264","157,12957569764873","168,4361860279042","0:02:58","20,18995301195269",,"246,00100000000006","310,3030000000001","10,65",,"9,444444444444457","74"
"Outdoor Cycling","2019-11-09 11:53","2019-11-09 12:16","0:23:38","9,480198152205006","166,31303434511906","170,88439306358381","0:02:29","24,06626380024851",,"248,87399999999997","310,653","27,75",,"8,333333333333371","82"
"Outdoor Running","2019-11-09 09:51","2019-11-09 10:36","0:45:34","8,315968940816518","165,22786066556452","175,3185526452482","0:05:28","10,947109873156585",,"644,001","740,785","155,18",,"6,666666666666686","95"
"Outdoor Running","2019-11-01 07:47","2019-11-01 08:50","1:03:33","12,085892496501794","162,4511453110374","175","0:05:15","11,40925103678471",,"861,0449999999998","986,6469999999998","123,44",,"5,000000000000057","84"
"Outdoor Running","2019-10-28 15:21","2019-10-28 16:06","0:34:38","5,290563165456521","126,36626076077619","157,6803050169515","0:06:32","9,164033334538566",,"369,32899999999995","461,17999999999995","22,07",,"9,444444444444457","79"
"Outdoor Running","2019-10-26 09:19","2019-10-26 11:44","2:24:31","25,496272402210472","164,07762200398744","175","0:05:40","10,585109856198038",,"1828,1030000000005","2083,4120000000003","98,66",,"8,888888888888914","99"
"Outdoor Running","2019-10-23 20:23","2019-10-23 21:09","0:45:51","8,111201558851404","145,5668826418046","149,56788117133144","0:05:39","10,613027188558608",,"545,397","641,162","9,620000000000001",,"13,888888888888914","89"
"Outdoor Cycling","2019-10-22 09:24","2019-10-22 09:45","0:16:08","4,576860542733288","144,12603984630232","144,63848130374097","0:03:31","17,007550249586384",,"171,46499999999997","225,63600000000005","32,22",,"8,333333333333371","98"
"Outdoor Running","2019-10-21 12:34","2019-10-21 13:19","0:45:55","9,049346623150715","166,4178180607437","173,35032932519567","0:05:04","11,821534322593925",,"631,2349999999998","725,5689999999997","25,75",,"17,77777777777783","78"
"Outdoor Running","2019-10-12 15:36","2019-10-12 16:14","0:38:08","5,232218495925622","133,74023096418554","143,26645893662734","0:07:17","8,232345644911094",,"392,4520000000001","474,9910000000001","16,9",,"22,222222222222285","56"
"Outdoor Running","2019-10-10 12:34","2019-10-10 13:35","1:00:56","10,792629472460598","155,51686646492263","170","0:05:38","10,627193265510494",,"842,8070000000001","962,3890000000001","222,42000000000002",,"12,777777777777828","77"
"Outdoor Running","2019-10-08 20:27","2019-10-08 20:57","0:29:27","5,081085243060486","149,43331054599318","150,7789590770345","0:05:47","10,350502092504206",,"368,51200000000017","435,84700000000015","51,84",,"13,333333333333371","100"
"Outdoor Running","2019-10-08 20:01","2019-10-08 20:27","0:22:45","4,305208959884709","149,17822492124267","157","0:05:17","11,351800181021424",,"291,37800000000004","342,4450000000001","8,4",,"13,333333333333371","99"
"Outdoor Running","2019-10-05 13:15","2019-10-05 14:49","1:09:30","12,701039261116923","144,1276734757296","165","0:05:28","10,963827081775865",,"921,0130000000001","1092,8170000000002","152,64000000000001",,"12,222222222222285","69"
"Outdoor Running","2019-10-03 13:22","2019-10-03 14:49","1:24:27","15,67093548820852","157,1544462268861","171,06824552951508","0:05:23","11,131703513847498",,"1177,913","1339,646","259,65",,"12,777777777777828","71"
"Traditional Strength Training","2019-10-02 20:19","2019-10-02 20:41","0:22:33",,"89,84392600530697","97,77955343726089",,,,"92,39900000000011","150,61700000000016",,,"10,5555555555556","69"
"Outdoor Running","2019-09-30 16:07","2019-09-30 16:51","0:44:25","9,011283299883035","157,0250151707571","166","0:04:55","12,17051312658067",,"620,6270000000001","713,3190000000001","23,25",,"17,77777777777783","56"
"Outdoor Running","2019-09-28 13:24","2019-09-28 14:43","1:18:25","13,824081460740185","152,49481553653294","165,80257408488927","0:05:40","10,576106003595937",,"1047,16","1197,623","186,92000000000002",,"17,222222222222285","69"
"Outdoor Running","2019-09-26 07:33","2019-09-26 08:13","0:38:37","5,600918413771275","151,91048855529382","167,27113138394137","0:06:53","8,702082625723962",,"485,3659999999999","569,2499999999999","190,4",,"12,777777777777828","96"
"Outdoor Running","2019-09-24 11:48","2019-09-24 12:54","1:01:44","11,124043791246175","153,3319051331587","167,49609216462505","0:05:32","10,811223127845338",,"804,093","930,748","155,71",,"16,111111111111143","80"
"Outdoor Cycling","2019-09-21 12:46","2019-09-21 15:53","1:58:20","54,04219580742597","129,26007070888255","164,1761307184541","0:02:11","27,401407985592453",,"1572,0549999999996","1886,5560000000003","390,77",,"18,33333333333337","36"
"Outdoor Running","2019-09-20 17:37","2019-09-20 18:07","0:29:40","4,278497627076111","135,66009614005327","143,33729882966267","0:06:56","8,650482352951592",,"308,22399999999993","374,2969999999999","30,67",,"16,666666666666686","37"
"Outdoor Running","2019-09-19 12:21","2019-09-19 13:11","0:49:17","6,602762233436017","132,69202204524746","142,51805491740674","0:07:27","8,037708467073113",,"488,83900000000006","591,3050000000001","50,69",,"16,666666666666686","40"
"Outdoor Running","2019-09-17 12:20","2019-09-17 13:09","0:48:58","9,070953875879757","151,6414814743558","158,93308681727427","0:05:23","11,11372959618005",,"616,472","717,425","22,7",,"17,77777777777783","56"
"Outdoor Cycling","2019-09-15 16:06","2019-09-15 16:44","0:37:47","9,953221779812463","95,6969058423628","105,40099452048179","0:03:47","15,800119109334643",,"242,30599999999998","316,3850000000001","95,25",,"26,111111111111143","41"
"Traditional Strength Training","2019-09-10 21:02","2019-09-10 21:41","0:39:03",,"94,16493998215721","98,29369736546822",,,,"165,2030000000002","250,83400000000032",,,"14,444444444444457","67"
"Outdoor Cycling","2019-09-08 12:15","2019-09-08 14:44","2:22:01","60,770995320623584","148,37356518261802","163,03649830165693","0:02:20","25,672366917946704",,"1648,987","1902,1870000000004","632,12",,"13,888888888888914","87"
"Outdoor Running","2019-09-05 06:47","2019-09-05 07:53","1:06:15","11,09598933994188","151,53901708268995","162,10174874282788","0:05:58","10,04849631825425",,"834,2570000000001","960,254","141,16",,"13,333333333333371","86"
"Outdoor Running","2019-09-03 06:34","2019-09-03 07:23","0:49:00","6,8932359603517686","144,17859553107328","169,7863335439335","0:07:06","8,437838707821951",,"574,979","672,7470000000001","107,01",,"10,000000000000057","84"
"Outdoor Running","2019-09-01 10:25","2019-09-01 11:04","0:39:24","7,046038934917853","162,09528756878692","168,36073010355366","0:05:35","10,729381510856971",,"519,385","601,381","44,83",,"23,888888888888914","63"
"Traditional Strength Training","2019-08-31 12:55","2019-08-31 13:37","0:42:01",,"88,34348345413295","94,61861401542018",,,,"175,32400000000018","258,2860000000003",,,"27,222222222222285","52"
"Traditional Strength Training","2019-08-30 15:12","2019-08-30 16:00","0:48:21",,"94,06589951925693","102,63165075034105",,,,"209,8000000000003","305,9950000000004",,,"28,33333333333337","49"
"Outdoor Running","2019-08-29 11:19","2019-08-29 12:00","0:41:10","7,407179917023284","148,5812122515802","154,95661939976523","0:05:33","10,792789605512931",,"524,095","611,6360000000001","47,75",,"22,222222222222285","73"
"Outdoor Cycling","2019-08-27 19:09","2019-08-27 20:21","1:11:27","29,79798331972087","147,76892753043916","160,25624562392045","0:02:23","25,02210622876868",,"779,763","916,9460000000003","25,93",,"32,222222222222285","37"
"Outdoor Running","2019-08-26 08:47","2019-08-26 09:35","0:47:58","9,055955024960717","154,89048424817074","162,89117003527107","0:05:17","11,324597628553581",,"610,5580000000001","706,24","25,57",,"21,666666666666686","78"
"Outdoor Running","2019-08-24 07:55","2019-08-24 08:30","0:35:22","6,6646888931640635","156,71350224668046","163,17388337203607","0:05:18","11,30350423800794",,"441,78299999999996","517,2359999999999","26,41",,"16,666666666666686","95"
"Outdoor Running","2019-08-22 09:52","2019-08-22 10:50","0:58:23","10,739102186471223","160,2265901050361","168,22952691141325","0:05:26","11,033691664334228",,"727,9050000000001","842,161","65,44",,"17,77777777777783","66"
"Outdoor Running","2019-08-20 09:03","2019-08-20 09:55","0:52:37","6,596348273244201","131,15243393863227","138,44140476162534","0:07:58","7,519943475689087",,"499,5579999999998","598,4319999999997","28,25",,"15,000000000000057","87"
"Outdoor Running","2019-08-19 10:13","2019-08-19 10:50","0:37:43","6,2481218837130825","140,2094858235806","157,83623101713076","0:06:02","9,936569647728328",,"413,215","495,9089999999999","36,09",,,
"Outdoor Running","2019-08-18 08:56","2019-08-18 09:53","0:55:30","10,654101596275092","154,92814584450568","162,22383568776866","0:05:12","11,517566243343156",,"719,379","830,5149999999999","58,75",,"16,111111111111143","97"
"Outdoor Running","2019-08-16 09:44","2019-08-16 10:16","0:30:14","4,22489574853772","142,3959164304063","169,57050071938323","0:07:09","8,383468356065547",,"368,1730000000002","431,61800000000005","111,51",,"17,222222222222285","72"
"Outdoor Running","2019-08-14 09:10","2019-08-14 09:57","0:46:57","9,037868896715803","157,41738353638763","164,86618997107735","0:05:11","11,54804680321138",,"617,263","713,9039999999999","22,42",,"16,111111111111143","73"
"Outdoor Cycling","2019-08-11 17:35","2019-08-11 18:16","0:39:24","10,868603346140652","121,34826847573245","130,33700787401585","0:03:37","16,544974031527207",,"255,12999999999997","341,9139999999999","36,49",,"25,000000000000057","46"
"Outdoor Cycling","2019-08-11 14:53","2019-08-11 15:49","0:55:41","13,370406340021217","114,1557434573013","129,03372426940794","0:04:09","14,403466456734089",,"336,83000000000004","439,33499999999987","110,75",,"25,5555555555556","45"
"Outdoor Running","2019-08-11 09:03","2019-08-11 09:51","0:47:36","9,047924754757085","155,4546387977507","164,1941801974302","0:05:15","11,404691354970472",,"598,6359999999997","688,2069999999995","22,44",,"19,444444444444457","69"
"Outdoor Cycling","2019-08-09 10:37","2019-08-09 11:39","0:41:33","11,016482852142213","111,79152990125196","122,02181729240559","0:03:46","15,903965928493438",,"173,98400000000004","273,162","7,32",,"23,33333333333337","63"
"Outdoor Running","2019-08-08 20:11","2019-08-08 20:43","0:31:45","5,424150121683255","150,251384274433","155,8803746007203","0:05:51","10,25000671348597",,"369,41499999999996","443,0519999999999","20,41",,"25,5555555555556","47"
"Traditional Strength Training","2019-08-07 22:02","2019-08-07 22:31","0:29:39",,"86,61632462415041","91,04604200323101",,,,"120,67500000000008","185,15200000000002",,,"18,33333333333337","88"
"Traditional Strength Training","2019-08-06 21:45","2019-08-06 22:02","0:17:08",,"88,3633118788824","93,41735601082334",,,,"69,02300000000005","117,20200000000003",,,"21,111111111111143","84"
"Outdoor Running","2019-08-05 15:39","2019-08-05 16:34","0:55:06","9,149976342883427","147,06468260878435","158,62524378120253","0:06:01","9,96307391674863",,"609,2760000000001","719,2749999999999","31,23",,"27,222222222222285","52"
"Outdoor Running","2019-08-03 08:35","2019-08-03 09:24","0:48:24","9,01000275403427","154,02468900056218","162,406166677565","0:05:22","11,169376070184148",,"592,7429999999999","691,4499999999998","22,96",,"17,222222222222285","90"
"Outdoor Cycling","2019-08-01 16:14","2019-08-01 17:31","0:58:55","13,346975025256858","95,06707909705008","104,21523153976297","0:04:24","13,589543288368867",,"200,832","316,69999999999993","16,75",,"26,111111111111143","34"
"Traditional Strength Training","2019-08-01 13:24","2019-08-01 13:42","0:18:21",,"96,71956395348838","99,01162790697674",,,,"75,33400000000007","128,02600000000007",,,"24,444444444444457","37"
"Outdoor Running","2019-07-31 20:28","2019-07-31 20:57","0:29:27","5,306121512848711","150,21498383477885","156,87889081051932","0:05:33","10,810191591184743",,"366,315","435,78","19,53",,"23,888888888888914","36"
"Outdoor Cycling","2019-07-30 18:14","2019-07-30 18:47","0:33:30","9,700713267035376","104,48636334403857","108,09794628751973","0:03:27","17,369269696927432",,"170,14399999999995","241,64199999999988","9,94",,"31,111111111111143","33"
"Outdoor Cycling","2019-07-30 16:30","2019-07-30 17:06","0:32:30","9,620484590802638","100,67812486629087","105,20268138801262","0:03:22","17,75394191184031",,"163,88600000000002","241,18499999999997","8,96",,"30,000000000000057","36"
"Outdoor Running","2019-07-30 09:29","2019-07-30 09:59","0:29:59","5,659770967947298","157,6463357834972","167,2414579081935","0:05:17","11,323717607338269",,"385,4730000000001","451,776","20,81",,"21,666666666666686","76"
"Outdoor Cycling","2019-07-26 18:21","2019-07-26 18:36","0:14:30","3,1712836832443174","94,29669571210528","94,73228031309944","0:04:34","13,115529519595476",,"75,724","120,87700000000001","15,73",,"35,5555555555556","28"
"Outdoor Cycling","2019-07-26 16:36","2019-07-26 16:47","0:11:58","3,117497891650134","112,55122382403499","113,23456790123457","0:03:50","15,627206023038987",,"51,04600000000002","85,511","4,46",,"37,222222222222285","22"
"Outdoor Running","2019-07-26 08:36","2019-07-26 09:05","0:29:00","5,337267296212034","158,9220115193311","164,60493827160496","0:05:26","11,040093671346359",,"367,49299999999994","436,2919999999999","17,54",,"26,666666666666686","44"
"Traditional Strength Training","2019-07-23 13:06","2019-07-23 13:38","0:32:33",,"114,82301417679655","123,57805907172995",,,,"187,91700000000003","258,39099999999996",,,"31,111111111111143","35"
"Indoor Cycling","2019-07-23 13:00","2019-07-23 13:05","0:05:26",,"117,02731684599279","117,02731684599279",,,,"43,63099999999999","52,60799999999997",,,"31,111111111111143","35"
"Outdoor Running","2019-07-22 09:53","2019-07-22 10:16","0:23:06","4,237122518027077","159,1152472406768","169,6157078994444","0:05:27","10,999981384941801",,"296,53599999999994","352,1399999999999","28,04",,"23,888888888888914","53"
"Outdoor Cycling","2019-07-07 14:57","2019-07-07 15:54","0:44:56","11,670295080141786","106,30719299378052","112,64306784660768","0:03:51","15,580653517827797",,"265,57000000000005","374,178","60,47",,"20,5555555555556","53"
"Traditional Strength Training","2019-07-04 13:18","2019-07-04 13:53","0:34:59",,"104,02913363595509","107,18377293890589",,,,"148,98000000000013","225,84500000000003",,,"22,77777777777783","32"
"Indoor Cycling","2019-07-04 13:10","2019-07-04 13:15","0:04:51",,"123,63793103448276","136",,,,"40,991","49,08399999999998",,,"22,77777777777783","32"
"Outdoor Running","2019-06-30 08:05","2019-06-30 08:34","0:28:37","5,291304678113549","155,8604223247674","165,7707006915314","0:05:24","11,093852404503297",,"353,9440000000001","419,599","22,88",,"21,111111111111143","60"
"Outdoor Cycling","2019-06-29 18:10","2019-06-29 18:40","0:30:15","7,196049778406606","104,52859355963194","106,47115821578456","0:04:12","14,271118739999018",,"182,82599999999996","243,8409999999999","96,37",,"31,666666666666686","25"
"Outdoor Cycling","2019-06-29 15:05","2019-06-29 15:39","0:33:55","7,547211819854368","108,77999512573801","114,5772572723838","0:04:29","13,349353754679777",,"167,52400000000003","240,25799999999998","22,04",,"31,666666666666686","27"
"Traditional Strength Training","2019-06-27 13:43","2019-06-27 14:18","0:34:33",,"111,53830472766738","116,43148400712073",,,,"175,91700000000006","249,99399999999997",,,"27,222222222222285","27"
